"model","seconds"
"Naive",0.0200000000000031
"OLS",0
"Ridge",0.0500000000000007
"Lasso",0.0300000000000011
"Random Forest",0.0599999999999987
"XGBoost",0.120000000000001
